{
    "high_jump": {
        "a": -0.46,
        "b": 21.5,
        "c": 0.1
    },
    "low_jump": {
        "a": -0.48074986,
        "b": 14.4224957,
        "c": -8.16871777
    },
    "long_jump": {
        "a": -0.045,
        "b": 3.0,
        "c": 0.0
    },
    "short_jump": {
        "a": -0.60570686,
        "b": 9.08560296,
        "c": 15.92898888
    }
}